"","length","weight","type"
"1",8.61838093097377,7.8480301555272,"tuna"
"2",2.52204585190647,8.76250711451122,"tuna"
"3",2.03569039660951,7.1019714866167,"tuna"
"4",6.69500780346932,4.95393231633069,"salmon"
"5",9.83406944265522,7.90845315037901,"tuna"
"6",5.82559697890497,4.37991814379676,"tuna"
"7",0.903503285616254,0.190496408766502,"tuna"
"8",6.58588201200789,0.733012172426982,"salmon"
"9",4.71370323426938,0.76034832581069,"salmon"
"10",1.70067648924456,2.51549856797301,"tuna"
"11",4.29606752920279,8.97521946927002,"salmon"
"12",1.07872868587226,4.91603345217566,"tuna"
"13",6.03384953665941,5.10490704163642,"salmon"
"14",7.30439979374706,5.59365218218192,"tuna"
"15",1.23407928131679,2.15656155418307,"tuna"
"16",6.92939743289729,8.44194060970856,"tuna"
"17",9.0112758712544,0.0797499784533662,"salmon"
"18",3.76834040951332,1.67249539961277,"salmon"
"19",9.59873506057171,2.27439215805901,"salmon"
"20",0.77972630374202,6.76483989399957,"tuna"
"21",4.94469764962925,3.8554835086854,"salmon"
"22",7.17921982459537,3.2038430618266,"salmon"
"23",5.39307659123302,0.232663800350327,"salmon"
"24",2.72223008682684,5.28408447798645,"tuna"
"25",0.93782015080373,2.57511619499996,"tuna"
"26",5.00621734287036,4.71644300673395,"tuna"
"27",6.04906138038682,6.03996014832049,"salmon"
"28",9.25629775598504,3.31333096727822,"salmon"
"29",6.20845938234644,7.98133814232808,"tuna"
"30",5.65007887065733,6.86204542480936,"tuna"
"31",1.13728316589966,3.70053092790642,"tuna"
"32",8.53221094016975,6.5944928184998,"tuna"
"33",2.09043912422388,1.33874243591498,"tuna"
"34",8.00973122993237,9.58462570639289,"tuna"
"35",4.41618574469388,2.20380587569709,"salmon"
"36",4.84125305116395,1.44461834642619,"salmon"
"37",4.1211445320307,1.3305612057266,"salmon"
"38",9.21232604718857,3.15065126991771,"salmon"
"39",2.93169736168784,8.90198766933183,"tuna"
"40",7.94109593425268,5.07749374728237,"tuna"
"41",5.12778174546361,4.85467090619094,"tuna"
"42",2.55728096584108,8.04153091451995,"tuna"
"43",0.473706406147774,1.43622594654933,"tuna"
"44",3.60493782256559,0.764375781786352,"salmon"
"45",7.61569753521453,7.355028935813,"tuna"
"46",6.52553288777577,0.657141437601432,"salmon"
"47",8.5081033174015,8.36226595959086,"tuna"
"48",8.87710824652837,1.65093430141926,"salmon"
"49",0.759351969636924,3.17161094368371,"tuna"
"50",1.91125494584965,3.56488755812285,"tuna"
"51",4.81665252607885,9.92333496311086,"salmon"
"52",6.62792419249929,9.01302196340565,"tuna"
"53",2.5421036517786,1.7538443739476,"tuna"
"54",8.36424368050251,8.46642782482595,"tuna"
"55",4.64233265726843,2.33605576030549,"salmon"
"56",2.56886458322471,2.87408847936535,"tuna"
"57",5.24714734260338,0.928975248188384,"salmon"
"58",6.07165026198428,0.269386230863801,"salmon"
"59",7.98369139573571,1.94476533713417,"salmon"
"60",4.85756754140505,8.38948488585803,"salmon"
"61",9.41106626974618,4.28869517140148,"tuna"
"62",9.40068444239243,0.0954046563965649,"salmon"
"63",0.384655480915327,0.683559924526161,"tuna"
"64",9.94321304350829,0.564210586247363,"salmon"
"65",8.22749369353777,5.35280395681993,"tuna"
"66",8.86833282470516,7.31050431922387,"tuna"
"67",8.76839192174009,1.98500260085028,"salmon"
"68",1.22383161302554,1.38960679958628,"tuna"
"69",2.54382754755702,0.196040448710737,"tuna"
"70",0.734929673841028,5.95149028629244,"tuna"
"71",7.05077277904044,1.1057377514198,"salmon"
"72",1.51318635098046,5.87911100075723,"tuna"
"73",2.59608902939253,9.54949000896247,"tuna"
"74",4.66028756773226,7.63809363159825,"salmon"
"75",3.46179303003971,5.16737905706002,"tuna"
"76",5.01660360791181,8.90508034192119,"tuna"
"77",4.16536461337819,5.26629130305153,"tuna"
"78",4.63814434402641,4.1526094771915,"tuna"
"79",0.942301453623968,7.39915071734802,"tuna"
"80",7.18434426436739,4.15416306803223,"tuna"
"81",8.95279994824988,4.5697364172419,"tuna"
"82",9.31988367740768,8.29235050617425,"tuna"
"83",6.90621345545844,7.20273832484771,"tuna"
"84",5.32232696513203,4.46409557058975,"tuna"
"85",6.08000778641212,9.62239539318704,"tuna"
"86",2.6538276848473,2.27274098364047,"tuna"
"87",6.53051878102564,2.58570000176223,"salmon"
"88",5.81200262426526,2.86512784647642,"salmon"
"89",3.32234247038286,9.83387684605204,"salmon"
"90",8.69095661303486,2.74968857622747,"salmon"
"91",9.71826621452724,4.98011172328709,"tuna"
"92",0.759339038339825,8.13092527877716,"tuna"
"93",5.46040675350379,9.06646405155758,"tuna"
"94",4.16130526928739,1.48475960277993,"salmon"
"95",4.29675599799512,7.99051370569213,"salmon"
"96",6.94927227059861,0.236997762976171,"salmon"
"97",9.34816341534257,6.88960583257645,"tuna"
"98",2.91608958531843,1.24624388482944,"tuna"
"99",8.95662191909819,1.96654340779501,"salmon"
"100",8.24001176210608,9.640394238256,"tuna"
"101",9.12263036208542,3.76298343972911,"salmon"
"102",3.92663123570143,5.45270988848264,"tuna"
"103",5.78150554707021,5.28994554381065,"tuna"
"104",1.96259353860794,0.662419596651433,"tuna"
"105",7.89554075806323,6.48498517018129,"tuna"
"106",8.47108681803156,4.25533994944449,"tuna"
"107",1.92927953313432,7.94764745363975,"tuna"
"108",1.98279969544286,6.11840953914285,"tuna"
"109",6.44885819279821,9.01606122110174,"tuna"
"110",1.95444843684926,3.39434732354226,"tuna"
"111",4.93420217469222,1.23804567117782,"salmon"
"112",9.54449788733191,9.75190898264452,"tuna"
"113",7.81590121559342,9.27764208001717,"tuna"
"114",7.52847111907064,2.75698879739383,"salmon"
"115",8.56127001848497,3.57373184186536,"salmon"
"116",4.48883677547435,5.81620559814672,"tuna"
"117",1.4507794909121,4.21895666931349,"tuna"
"118",5.12865928924512,0.471126138413052,"salmon"
"119",7.89437610752052,9.20882022445051,"tuna"
"120",2.3967565597842,2.06767720240906,"tuna"
"121",2.46682854705007,1.50103126221089,"tuna"
"122",1.20338810394554,0.362902638613313,"tuna"
"123",0.262885822510951,6.63113985989853,"tuna"
"124",1.77793847353964,4.82539778349333,"tuna"
"125",8.06288658002478,0.340446691475088,"salmon"
"126",6.19293190893772,5.06420248367966,"salmon"
"127",9.22266155824063,3.08918728292271,"salmon"
"128",0.0206126769535808,5.35022768789922,"tuna"
"129",9.32051170592223,8.17365892162193,"tuna"
"130",3.34802467008262,3.54068865318437,"salmon"
"131",0.00654566263654677,9.90758667987455,"tuna"
"132",3.26269282705285,5.87828213914825,"tuna"
"133",5.04444830648047,9.11773370366416,"tuna"
"134",4.47751037394734,6.6662723023708,"tuna"
"135",5.82237570453942,0.284521980042854,"salmon"
"136",3.55210743987763,3.85315595913827,"salmon"
"137",9.68944780172038,9.13007083701054,"tuna"
"138",2.80718888597258,5.97684567749183,"tuna"
"139",1.66310247102442,4.83980638513062,"tuna"
"140",9.05311475137172,2.54333630829378,"salmon"
"141",3.3933560575413,0.684758268551755,"salmon"
"142",5.97166067127568,2.40731060940778,"salmon"
"143",1.55098322678263,5.01622730665896,"tuna"
"144",7.19065649420372,3.89531386311745,"salmon"
"145",5.42903781206274,3.13715697228763,"salmon"
"146",3.6612518901466,0.929688790307104,"salmon"
"147",0.274543438677676,3.20054677975504,"tuna"
"148",9.00948432955258,2.96459123616439,"salmon"
"149",3.79996258021461,2.41166499065518,"salmon"
"150",8.29734503232868,4.35006311445432,"tuna"
"151",6.65772595433011,0.864734883241484,"salmon"
"152",5.86584818600759,6.21824692760522,"tuna"
"153",2.50628733809265,1.09989860431253,"tuna"
"154",7.89745927913918,5.16411238477818,"tuna"
"155",2.08814646164291,7.55834505062657,"tuna"
"156",8.6149603118801,1.46302597440613,"salmon"
"157",6.77787131834362,7.03492723312127,"tuna"
"158",0.517129067773643,5.1440149387493,"tuna"
"159",7.28764086703113,1.39195080170087,"salmon"
"160",3.71448516589386,3.92068082750955,"salmon"
"161",4.41791981066346,7.8688691666828,"salmon"
"162",2.08195851144529,1.30370195128079,"tuna"
"163",0.259245273864884,1.66140793440389,"tuna"
"164",8.80088006549667,7.23808477769934,"tuna"
"165",7.54547245257436,3.65109160515673,"salmon"
"166",7.96059180312285,5.66143480531737,"tuna"
"167",4.33204588651032,2.95108795629746,"salmon"
"168",7.74532130610218,3.85946370670137,"salmon"
"169",7.86805257517571,5.52571491483278,"tuna"
"170",2.26398497526916,2.64872181765201,"tuna"
"171",6.50961646350908,4.64043570732478,"salmon"
"172",6.47192524687241,6.00380833170544,"salmon"
"173",3.73190986812378,6.27284921359305,"tuna"
"174",1.10723731550964,4.61910003911399,"tuna"
"175",2.0113591261661,8.12406326634969,"tuna"
"176",7.82761311970581,2.5659130616225,"salmon"
"177",9.75792848162258,1.98395764462579,"salmon"
"178",2.81070942893066,1.12803365907341,"tuna"
"179",0.595144829300839,9.03480187000484,"tuna"
"180",8.92408089625649,9.58233880925932,"tuna"
"181",1.69575295036412,3.94007913023151,"tuna"
"182",8.26309736211736,4.09715009137973,"tuna"
"183",6.58869059203746,7.09168826522726,"tuna"
"184",8.72519427970414,4.65615616613712,"tuna"
"185",3.00751715302635,2.26941908675791,"salmon"
"186",9.94331440831115,6.41955373297884,"tuna"
"187",4.7253647057593,4.45207526620633,"tuna"
"188",7.65861384403427,1.09920145525419,"salmon"
"189",0.868853355433489,3.57731767136466,"tuna"
"190",7.01363336704845,8.29649653711273,"tuna"
"191",2.17060233509214,5.66345558153196,"tuna"
"192",5.04525348525613,1.39883421011367,"salmon"
"193",7.82425422043046,2.39234333851306,"salmon"
"194",3.51801367417423,6.15909275280398,"tuna"
"195",5.40009143814474,4.58873547281991,"tuna"
"196",7.93301923785141,1.55485451700593,"salmon"
"197",2.69283002891018,3.68217291214424,"tuna"
"198",4.48827077436555,0.174421520635771,"salmon"
"199",2.3205331139565,7.12477012820448,"tuna"
"200",4.74817009317644,9.96693767534566,"salmon"
"201",3.09952654171111,8.36263136340384,"salmon"
"202",0.925862333799533,9.46049556334433,"tuna"
"203",8.90375677467829,2.88347688716652,"salmon"
"204",6.00044325884167,7.42929441476055,"tuna"
"205",3.34390694235887,8.79224839184997,"salmon"
"206",1.11701121763395,3.63392457088975,"tuna"
"207",5.25063385941203,6.31277906622048,"tuna"
"208",9.99334782175023,5.53653214165682,"tuna"
"209",8.00132290837515,0.754253979883155,"salmon"
"210",8.33485951138283,8.02169933411259,"tuna"
"211",6.42888981049574,2.3864531375892,"salmon"
"212",3.78442720173155,5.78238275240033,"tuna"
"213",6.29870258074729,6.39379124173562,"salmon"
"214",1.98104527213779,2.6199614078411,"tuna"
"215",6.68990406631928,3.45298144630093,"salmon"
"216",7.03285523581792,8.61123570707605,"tuna"
"217",7.9764376370758,8.09573831596581,"tuna"
"218",5.76108917056646,3.19816345206792,"salmon"
"219",0.35814322064195,5.70134185564178,"tuna"
"220",8.46279477528138,0.0609388214262374,"salmon"
"221",4.34572174973737,2.24247186102994,"salmon"
"222",7.34466960514883,2.2133112408467,"salmon"
"223",1.78818071103535,3.34673028385515,"tuna"
"224",7.34668038446478,6.50722658124178,"tuna"
"225",3.05361680883674,1.46181631679914,"salmon"
"226",9.40215327710009,1.16140598973647,"salmon"
"227",7.76719805841798,4.36053599411862,"tuna"
"228",0.979535659784084,4.19545700393607,"tuna"
"229",3.51726700355507,0.340391664270857,"salmon"
"230",8.41092637659263,8.56419271219962,"tuna"
"231",8.33297114479601,2.61302635476196,"salmon"
"232",5.1496549930693,7.47672357132549,"tuna"
"233",9.70599115381028,6.90109719388802,"tuna"
"234",0.0680080445529918,4.87304606808982,"tuna"
"235",6.30709917708864,7.17355755557752,"tuna"
"236",9.44196094548781,5.64084220265228,"tuna"
"237",5.18096841580254,7.84566709169628,"tuna"
"238",6.95333209618901,6.13713891547437,"salmon"
"239",4.02955364202495,4.94753779627665,"tuna"
"240",4.88125511182619,8.16997862596182,"salmon"
"241",1.700596496285,4.67751925550792,"tuna"
"242",8.81979685917861,6.0584300876902,"tuna"
"243",3.09104752464136,9.76925804926596,"salmon"
"244",8.25572654711742,9.59136260162935,"tuna"
"245",6.59204933643294,2.4779486843012,"salmon"
"246",5.37378445237529,0.436559322889266,"salmon"
"247",1.13430647179329,5.25220878161265,"tuna"
"248",9.81984816808049,1.63819498953689,"salmon"
"249",9.77254588297191,7.04732649069141,"tuna"
"250",4.36943765230264,2.81762790525371,"salmon"
"251",9.80637494263922,7.43329728820162,"tuna"
"252",2.40154982826557,4.66713760319293,"tuna"
"253",8.1111727083543,6.82124047480104,"tuna"
"254",0.738254871932464,1.37410777227698,"tuna"
"255",8.5426092738503,9.25264209783929,"tuna"
"256",8.40921056014229,7.74249550318651,"tuna"
"257",5.36534815801078,7.2784713006993,"tuna"
"258",4.97151510424726,9.05744338783694,"salmon"
"259",2.74291513621883,6.91195968025033,"tuna"
"260",6.92333811269971,3.23199618546217,"salmon"
"261",4.83000397016823,8.49033188110255,"salmon"
"262",6.72496913912393,6.63007900053604,"salmon"
"263",1.27405757358689,8.43094140352888,"tuna"
"264",8.63119677556295,7.35708487657747,"tuna"
"265",3.08993286306796,9.63142327641913,"salmon"
"266",5.17982496084309,6.07774651543633,"tuna"
"267",6.8833855026608,5.17662771165045,"salmon"
"268",2.27820168210292,1.23610311768488,"tuna"
"269",4.46170925974456,4.48920320170989,"tuna"
"270",2.96901130441999,0.139186784466956,"tuna"
"271",1.69867221578831,4.11678831012635,"tuna"
"272",3.39515278632998,0.00126019957731871,"salmon"
"273",2.91974094495686,7.76628207876974,"tuna"
"274",5.8047722492891,3.14980114103475,"salmon"
"275",5.12098516128391,5.18920557791404,"tuna"
"276",2.9597678015702,7.19041573475641,"tuna"
"277",6.31733897837474,7.94423682554011,"tuna"
"278",4.69590727152661,2.54711371532862,"salmon"
"279",9.92376939996666,8.1305275920139,"tuna"
"280",7.0146414151899,4.27155294854767,"tuna"
"281",4.54155750707447,1.04249713395907,"salmon"
"282",9.90266682096173,3.43455691895946,"salmon"
"283",7.33400319787729,1.39248581100604,"salmon"
"284",8.94713624433755,7.39514362214752,"tuna"
"285",4.05452485331481,6.17298333867477,"tuna"
"286",6.75466565873781,2.58274592452208,"salmon"
"287",2.24252246375235,4.90935224966428,"tuna"
"288",4.95400538290395,6.72905771265205,"tuna"
"289",9.16197466117298,5.52651696248612,"tuna"
"290",0.0244272243357813,7.52204816267979,"tuna"
"291",4.53466040875681,3.65235168701304,"salmon"
"292",9.63340379003341,2.82252478766914,"salmon"
"293",4.37597499353324,0.705634222711976,"salmon"
"294",9.87627905737068,9.26228056064937,"tuna"
"295",0.554660953003904,4.17148771776004,"tuna"
"296",6.50030504954427,0.702283269754704,"salmon"
"297",8.61381894991229,5.23072243662545,"tuna"
"298",5.39994422077613,4.99071613879163,"tuna"
"299",4.89712969888081,1.37254699911748,"salmon"
"300",1.40014157118804,4.244408516119,"tuna"
"301",0.340628187197847,3.42881418360977,"tuna"
"302",2.86800588151111,2.59890461533398,"tuna"
"303",2.88298132774934,4.00759519851987,"tuna"
"304",2.63373439015758,8.78637088569919,"tuna"
"305",3.19041536853146,0.902127828187171,"salmon"
"306",4.75328904893563,6.3267147818483,"tuna"
"307",8.0813501659409,2.7878615865239,"salmon"
"308",1.99791983599644,5.07282700700799,"tuna"
"309",1.63248334449114,9.43799649506739,"tuna"
"310",2.41372934652326,0.519932019443021,"tuna"
"311",9.10593392728319,2.08949037454288,"salmon"
"312",4.62957381047711,2.19360918286956,"salmon"
"313",4.08908558285966,4.28582021222823,"tuna"
"314",6.03348560732072,3.37035548082948,"salmon"
"315",0.26919037123797,5.83898836549064,"tuna"
"316",7.01185213851651,6.79792131131028,"tuna"
"317",2.55724456074633,8.2096120631852,"tuna"
"318",3.22265970018693,9.67253288686747,"salmon"
"319",0.0349021231362534,0.452797825479969,"tuna"
"320",5.73230493790201,0.463356619646907,"salmon"
"321",5.0728627301462,4.1258185767813,"tuna"
"322",6.6291539272161,9.57625539956867,"tuna"
"323",7.00670082581684,7.34598556117016,"tuna"
"324",0.132002963861916,7.40035395862947,"tuna"
"325",2.85238214634646,0.201534293163095,"tuna"
"326",8.33384427923981,4.99648891824346,"tuna"
"327",7.42934511506787,6.65429231835178,"tuna"
"328",1.33315403274133,1.07062920649119,"tuna"
"329",4.20384992989327,8.8471588437717,"salmon"
"330",2.56553300442155,5.32333670215358,"tuna"
"331",3.99536258747695,1.57005579349077,"salmon"
"332",9.83379375378565,2.11138254859377,"salmon"
"333",8.96051655758735,5.30543192185607,"tuna"
"334",8.87548855080287,7.41382539662796,"tuna"
"335",0.13954933109912,8.51246212584392,"tuna"
"336",8.87984581257988,8.79906596696387,"tuna"
"337",6.82588608042508,8.10659877233536,"tuna"
"338",7.5317392408343,2.31368041420619,"salmon"
"339",7.88282353952046,9.32528685159444,"tuna"
"340",8.87236977226426,9.7685264594768,"tuna"
"341",9.53557108406805,6.36305024418104,"tuna"
"342",5.36617901209164,7.26314955705191,"tuna"
"343",3.67005190393376,6.8513853287503,"tuna"
"344",0.935469295822863,9.41751187988744,"tuna"
"345",4.31435602934897,4.32325258336205,"tuna"
"346",0.995866700476243,5.58900920837196,"tuna"
"347",9.36840583588978,3.07528584616699,"salmon"
"348",0.661685125296951,8.61023006870579,"tuna"
"349",3.00887913161092,9.2348326339646,"salmon"
"350",8.38336203610203,5.93572993766466,"tuna"
"351",1.94793984393094,6.26499269068566,"tuna"
"352",7.41232635495444,0.964183476069601,"salmon"
"353",2.94132258179389,4.6629674098872,"tuna"
"354",4.04713591679045,4.57536107809736,"tuna"
"355",1.56124769990659,9.73033895034215,"tuna"
"356",1.15449364165167,5.6136627602809,"tuna"
"357",9.9297486371105,8.82099022399587,"tuna"
"358",2.05978641599237,3.39573068899043,"tuna"
"359",5.01344147607373,1.88548763319099,"salmon"
"360",1.67576206143112,5.93040199861008,"tuna"
"361",6.07078270835608,4.8515522850864,"salmon"
"362",2.76529228911607,5.09920240553629,"tuna"
"363",3.73244712980927,5.54210802667346,"tuna"
"364",4.5384814173839,2.57641720214049,"salmon"
"365",7.64610186066351,3.15478081332491,"salmon"
"366",7.96637361407499,6.63839814237148,"tuna"
"367",3.2922888320787,9.77513140337659,"salmon"
"368",8.30216707910466,6.01900908867609,"tuna"
"369",8.03393618813269,1.97837262615435,"salmon"
"370",1.72703048074793,1.95919498126692,"tuna"
"371",2.18965068087862,5.39330007832049,"tuna"
"372",8.14853993667203,1.42098214801495,"salmon"
"373",4.38171382824145,7.43910560927327,"salmon"
"374",6.8451615308168,7.14925266402669,"tuna"
"375",4.45832263019928,0.871171559277322,"salmon"
"376",8.50721548100162,1.14061130094333,"salmon"
"377",8.87450118048584,7.89006766583514,"tuna"
"378",9.08182512537947,7.19717832052045,"tuna"
"379",4.94316634133417,3.03756766785334,"salmon"
"380",6.47677815742629,6.42374239337188,"salmon"
"381",1.38562234111757,8.34712932076923,"tuna"
"382",8.82010370161495,9.84740570484888,"tuna"
"383",5.06246047627988,9.8779693494834,"tuna"
"384",2.26517189763921,6.20648370307532,"tuna"
"385",8.35998179998386,3.50049529924731,"salmon"
"386",2.31789948138191,4.11634238001814,"tuna"
"387",1.5802467157661,7.25268300710679,"tuna"
"388",5.80364763211465,0.141906417761902,"salmon"
"389",2.06945293764629,1.79637857647931,"tuna"
"390",3.58651446171334,5.42315322673591,"tuna"
"391",9.21381360817393,8.98213065398316,"tuna"
"392",7.38104692955879,0.734753086011399,"salmon"
"393",1.92546161466889,4.48721159409325,"tuna"
"394",3.19415363500794,8.09619679852143,"salmon"
"395",0.976867366414319,3.81638895763472,"tuna"
"396",0.294939032841016,4.28902407784006,"tuna"
"397",1.62165517147967,0.683457372213444,"tuna"
"398",3.54334153785293,6.17874941147583,"tuna"
"399",3.66466776850215,2.88269516152561,"salmon"
"400",7.19694636013151,1.86002552862862,"salmon"
"401",0.166709408774931,5.53007537292773,"tuna"
"402",4.69855086056366,0.647270720322178,"salmon"
"403",5.71337419891879,3.67879567146934,"salmon"
"404",7.59937336073903,7.90887293008289,"tuna"
"405",4.67539125163612,2.22037888920579,"salmon"
"406",4.14893092476239,0.740059518938109,"salmon"
"407",6.85513383733031,9.05909662054525,"tuna"
"408",1.86968874806211,5.76365746840937,"tuna"
"409",7.58568633126831,8.90453443663582,"tuna"
"410",8.33702552254775,6.19449332089298,"tuna"
"411",8.06574518337998,8.8870955598091,"tuna"
"412",7.46224625270183,9.25669526008881,"tuna"
"413",2.1679582592098,3.39645722691097,"tuna"
"414",9.78115707283877,9.44955578145509,"tuna"
"415",3.1207011492226,2.32215584396034,"salmon"
"416",6.53046489401922,6.48791424184983,"salmon"
"417",6.40672776143534,5.11477584029049,"salmon"
"418",1.01648370895992,6.80766126304519,"tuna"
"419",2.34816530538584,8.83127454456381,"tuna"
"420",6.43578930896435,3.75863684175658,"salmon"
"421",3.2625386477375,9.24924457241873,"salmon"
"422",3.98112965144404,3.21267489711758,"salmon"
"423",0.640792167490132,2.98985147924167,"tuna"
"424",0.602049220415938,0.0720348070876442,"tuna"
"425",8.13671270767038,6.92585140966809,"tuna"
"426",4.04308373762443,7.04546811229226,"salmon"
"427",5.02761964227802,0.962580803330247,"salmon"
"428",5.89184238118884,4.27511395792105,"tuna"
"429",0.625707876977515,4.09740252220982,"tuna"
"430",7.22506127748709,4.67645811077903,"tuna"
"431",9.16128910065725,0.62722692053406,"salmon"
"432",3.92093146905945,6.45976915226328,"tuna"
"433",0.456942429670043,6.93895955077458,"tuna"
"434",8.0997553477254,4.68313590329671,"tuna"
"435",0.0716985721363794,2.95249772306629,"tuna"
"436",9.76558893689485,7.77536210886089,"tuna"
"437",9.88735156891696,1.31267373121865,"salmon"
"438",9.38983613235122,9.14215238300006,"tuna"
"439",6.00433926107244,0.781609538970928,"salmon"
"440",6.49335144753277,3.8743097628869,"salmon"
"441",1.82060726328936,6.64194631999282,"tuna"
"442",2.90965697068068,1.04559761921426,"tuna"
"443",1.34431968758617,3.18197572037729,"tuna"
"444",8.18393015904829,1.027209251483,"salmon"
"445",5.35442482819646,0.569959085895846,"salmon"
"446",9.50424245509511,0.377106289467524,"salmon"
"447",5.2926525178094,5.10434195379591,"tuna"
"448",2.52529961175284,3.12161237754195,"tuna"
"449",5.60988921236752,0.0508838783230847,"salmon"
"450",7.99896362168665,3.89966804678605,"salmon"
"451",5.45528376107042,2.03096465031299,"salmon"
"452",1.29032155996238,5.3355934043775,"tuna"
"453",0.838701282739244,4.74338711578006,"tuna"
"454",6.77214573038927,7.41348781009617,"tuna"
"455",2.63438788115219,6.14427397022382,"tuna"
"456",1.63968273323788,2.38148714413099,"tuna"
"457",3.82740779954328,2.80504389667077,"salmon"
"458",0.232879198241636,5.33007001019383,"tuna"
"459",6.82074614571836,6.60216472796537,"salmon"
"460",7.30420548148482,9.61857641406388,"tuna"
"461",8.11539350186493,7.86238468401732,"tuna"
"462",6.68402865543383,4.99571429044227,"salmon"
"463",1.01719249065423,8.26546791423918,"tuna"
"464",7.95321813393309,9.79606977964677,"tuna"
"465",5.59644230971103,3.59098774766434,"salmon"
"466",7.05349361699368,4.74950480757911,"tuna"
"467",2.51607736557585,6.58337223782685,"tuna"
"468",2.79897064529296,0.708617966686701,"tuna"
"469",7.124176446649,1.85598669088074,"salmon"
"470",8.10268622642677,4.75259190224589,"tuna"
"471",1.19539871176753,0.290594729823004,"tuna"
"472",3.5196101510141,2.35841757386151,"salmon"
"473",6.58896894921083,0.279189281178189,"salmon"
"474",9.32757644848508,5.67712376283937,"tuna"
"475",6.48256817340804,6.58856717310487,"salmon"
"476",7.54516040720519,2.45240428772842,"salmon"
"477",9.62961069910295,6.49414625685613,"tuna"
"478",5.57229838611167,9.62423248448409,"tuna"
"479",4.03010512249451,7.2229374415512,"salmon"
"480",0.12025874967903,0.741884667593198,"tuna"
"481",1.94220819995676,1.52333386280829,"tuna"
"482",8.0034862821924,3.24232583417518,"salmon"
"483",4.75323217815027,8.94374723580044,"salmon"
"484",2.85020160986764,7.4068021070291,"tuna"
"485",1.66979210767569,3.63088943903938,"tuna"
"486",4.67283502045469,1.44785932150707,"salmon"
"487",5.18238269800751,1.29343001362031,"salmon"
"488",3.79097437187012,0.327585332029804,"salmon"
"489",8.48403626972279,5.59462173832213,"tuna"
"490",4.64291793156824,0.748719854374268,"salmon"
"491",0.43804033518986,8.45534501569815,"tuna"
"492",4.62088334420144,7.05004735126308,"salmon"
"493",6.94300366437174,5.41104533507079,"salmon"
"494",3.07311835756442,3.0286818920591,"salmon"
"495",2.98451243491907,4.59909079719251,"tuna"
"496",8.79354178023938,2.5971310731969,"salmon"
"497",2.66247448217688,3.21557711605092,"tuna"
"498",0.29620159533701,2.75131289697095,"tuna"
"499",1.97756598376045,1.10634445686709,"tuna"
"500",3.73567537844317,5.34633978999228,"tuna"
"501",6.53854369291297,2.68941908053626,"salmon"
"502",2.41078710592961,3.49408164480916,"tuna"
"503",3.20074595119313,8.0501154457415,"salmon"
"504",2.57374092011317,9.5866473422633,"tuna"
"505",6.58135255750488,3.98782656204372,"salmon"
"506",7.12371536928403,9.32068555317144,"tuna"
"507",7.78008518587322,8.38736994627179,"tuna"
"508",4.89356563341498,4.91997315116071,"tuna"
"509",0.59232009884235,4.83698397941613,"tuna"
"510",5.02249298619827,8.63023389733587,"tuna"
"511",6.67614864897386,1.18244771415196,"salmon"
"512",1.80622242572326,9.61530064012595,"tuna"
"513",0.477673587662147,6.87999012991058,"tuna"
"514",5.36585322499153,5.20642348854353,"tuna"
"515",5.69600327868369,0.123076140125046,"salmon"
"516",5.07210064672335,7.33992669098796,"tuna"
"517",1.47945221948981,5.83521438073842,"tuna"
"518",0.523641340159937,7.92724128417428,"tuna"
"519",9.09415934348371,9.00129205023877,"tuna"
"520",2.74798697750143,4.50787347514611,"tuna"
"521",0.784239033847969,2.71714351938812,"tuna"
"522",7.8352463068389,8.63875826730601,"tuna"
"523",0.0516788376673805,4.22048690368586,"tuna"
"524",2.43992541098414,7.8236963790644,"tuna"
"525",2.98008299601285,9.92055202606598,"tuna"
"526",2.52916534669192,9.79301314579876,"tuna"
"527",4.69126981220298,2.38830608220432,"salmon"
"528",2.59276793098828,7.58337066930792,"tuna"
"529",1.90800097143169,4.0218232898905,"tuna"
"530",2.23975913284733,2.77182724480914,"tuna"
"531",4.2703189816688,4.48417078893928,"tuna"
"532",2.39665379849832,7.48772752434414,"tuna"
"533",8.91194793968932,1.81944893393969,"salmon"
"534",5.04462501635086,2.64769739762261,"salmon"
"535",5.38429457227573,8.39972837009199,"tuna"
"536",3.80476813149238,5.10704370638769,"tuna"
"537",1.97477339315712,0.645782909836394,"tuna"
"538",8.12137062775539,2.44648373501596,"salmon"
"539",4.89312077035804,8.09180427463461,"salmon"
"540",7.32145689821967,5.85687912872774,"tuna"
"541",2.20482175544082,1.56197105520152,"tuna"
"542",5.64934941907508,2.88677978365175,"salmon"
"543",9.07907700255251,8.08146374527766,"tuna"
"544",0.535373210856758,7.10577359268127,"tuna"
"545",9.48210356348201,6.50975497799182,"tuna"
"546",5.2034252561619,1.47102395833169,"salmon"
"547",0.342231048781839,6.19501731746998,"tuna"
"548",2.88410061120706,0.388711242527873,"tuna"
"549",0.499498658408862,0.6425384864033,"tuna"
"550",1.5271055762318,8.36631806404668,"tuna"
"551",4.11599194957373,2.72341537501808,"salmon"
"552",4.07114945272604,9.4359890700562,"salmon"
"553",0.532138352420841,0.0277580581719494,"tuna"
"554",8.04467653562691,3.98741099804984,"salmon"
"555",3.92477575987553,7.50255360497387,"salmon"
"556",1.85673176770981,1.65086753772844,"tuna"
"557",3.09580796505222,3.88472600866308,"salmon"
"558",6.04428678430092,4.63588753922827,"salmon"
"559",2.83613583475601,7.70058260148717,"tuna"
"560",6.71302058895985,9.31808342814369,"tuna"
"561",1.20959486047941,1.74039060702784,"tuna"
"562",1.2783342055582,2.10552135029022,"tuna"
"563",9.1505970256796,6.45185224517541,"tuna"
"564",0.564235527030887,8.42345197632494,"tuna"
"565",3.46992819791175,9.62798221835882,"salmon"
"566",8.07703953640732,5.30787963622092,"tuna"
"567",5.51551899915233,7.92521725047513,"tuna"
"568",6.2548022560846,0.132032880249114,"salmon"
"569",9.9255180097408,4.20381376216171,"tuna"
"570",4.48372089052753,1.68688259638413,"salmon"
"571",2.72609633893824,0.382373816877524,"tuna"
"572",0.840829654394163,0.682191959391052,"tuna"
"573",9.70277026861057,2.02020219763895,"salmon"
"574",0.787289764057676,5.09078043758884,"tuna"
"575",4.99074414669042,7.2774285257286,"salmon"
"576",9.83619781792475,7.39472156937372,"tuna"
"577",3.60752624502564,3.18404576081872,"salmon"
"578",6.22022413404206,9.99524082633839,"tuna"
"579",3.76816302905242,3.98287815700831,"salmon"
"580",2.54159005546971,7.04552947079075,"tuna"
"581",6.43563857244438,7.13192481058651,"tuna"
"582",0.954277428966593,0.299912373734965,"tuna"
"583",1.61023883182339,1.41345824251703,"tuna"
"584",6.75621696248034,5.28384975455862,"salmon"
"585",1.77970263741484,8.12243875044151,"tuna"
"586",2.43340770203461,7.59705015181221,"tuna"
"587",3.39369559451969,7.79271084908789,"salmon"
"588",2.4422109204641,1.77347554419819,"tuna"
"589",1.10512462232252,2.74541429739552,"tuna"
"590",8.34274246560983,2.47309669399037,"salmon"
"591",6.43303650565062,9.34660968814141,"tuna"
"592",4.9318820940795,2.88564431521708,"salmon"
"593",4.77707122535286,6.22706287143643,"tuna"
"594",3.34514030359048,0.528540037076891,"salmon"
"595",1.68016876672975,9.27871479284944,"tuna"
"596",3.12278105468303,6.26098698667412,"tuna"
"597",9.58887951080894,4.37231781291873,"tuna"
"598",7.6933154569841,1.34268210214231,"salmon"
"599",2.27284623952594,2.68336381051689,"tuna"
"600",5.28684898514561,3.98246940675166,"salmon"
"601",4.94139314631591,5.35817091587086,"tuna"
"602",8.59657264329584,8.46629894444825,"tuna"
"603",5.38334822995731,6.60462036439991,"tuna"
"604",3.80769587503463,4.15702033006903,"tuna"
"605",3.42160499409414,2.62028264235382,"salmon"
"606",1.73466343938959,6.63293395572817,"tuna"
"607",0.681863476543941,5.52584789483558,"tuna"
"608",7.96642111178836,4.92922078856483,"tuna"
"609",9.37844767189578,0.513582122845592,"salmon"
"610",3.59837432551063,3.94811324078135,"salmon"
"611",2.66315670721666,4.74006799014647,"tuna"
"612",0.568549041528664,2.75952909692921,"tuna"
"613",4.18543475897467,2.51316089275532,"salmon"
"614",8.45776930566355,0.571568297003334,"salmon"
"615",1.08075901296291,8.96278736197129,"tuna"
"616",3.8248107657055,7.2951388468002,"salmon"
"617",3.1842760397633,9.95219224282472,"salmon"
"618",1.53744273309293,9.4103647689226,"tuna"
"619",7.23938870085524,1.79638230997638,"salmon"
"620",1.23185797129835,4.09246540392238,"tuna"
"621",5.41625234420521,5.58570941787262,"tuna"
"622",2.31825996607708,2.21295089959009,"tuna"
"623",9.70040763779866,2.3097084991858,"salmon"
"624",5.25860846420673,4.27905223185612,"tuna"
"625",9.41136202109834,7.17405539712176,"tuna"
"626",3.6783222258318,2.52956958879824,"salmon"
"627",5.97373885477807,1.37096876935461,"salmon"
"628",9.12693676820002,7.70058882276284,"tuna"
"629",8.97269427553878,7.36089227763391,"tuna"
"630",3.6617427325201,0.464103723850246,"salmon"
"631",0.381680620308309,9.33394036316462,"tuna"
"632",4.30469860784247,2.87596429585694,"salmon"
"633",4.33614304914995,2.67466801130141,"salmon"
"634",6.44343132953797,3.76845780158329,"salmon"
"635",6.55375480798251,7.93183063238578,"tuna"
"636",2.43871784952799,9.06202844472503,"tuna"
"637",6.55220262519083,1.14185181881132,"salmon"
"638",7.42031688364896,6.76780478221084,"tuna"
"639",2.2411223476729,9.0143111043483,"tuna"
"640",1.08848066833592,3.30358517386584,"tuna"
"641",0.363907772556896,7.45836895068109,"tuna"
"642",8.8232790416284,2.13159849023184,"salmon"
"643",0.389273333358647,6.5502057667213,"tuna"
"644",9.78153358025861,1.13533069140252,"salmon"
"645",2.59503475609732,2.08926204580402,"tuna"
"646",0.00727501540706998,6.78769899947041,"tuna"
"647",4.46494960737894,1.72492252731259,"salmon"
"648",8.73427806344796,6.27281524993245,"tuna"
"649",4.00025081550818,3.16550574521983,"salmon"
"650",8.38062482153197,0.759332575159918,"salmon"
"651",9.29022466812971,1.97147889789492,"salmon"
"652",0.137228346690513,8.37532387367534,"tuna"
"653",7.21620994088747,9.55133734934322,"tuna"
"654",4.86354125518383,2.26085243883739,"salmon"
"655",0.973299320815815,2.60042180743996,"tuna"
"656",3.79201706145815,7.71628047271596,"salmon"
"657",9.97815236295829,8.65015898955268,"tuna"
"658",5.10323228865802,0.849172708654479,"salmon"
"659",2.18640244328603,4.10580032168254,"tuna"
"660",3.3199835328727,9.39821196318316,"salmon"
"661",8.2745735081318,8.15498584544025,"tuna"
"662",6.3617369953916,9.42372190045534,"tuna"
"663",8.7855433360505,7.47912434092259,"tuna"
"664",1.37818805091032,0.515916274867328,"tuna"
"665",7.87082646951741,1.00177808651976,"salmon"
"666",1.28073947294171,0.169769783304916,"tuna"
"667",7.86809523017067,1.45582601757132,"salmon"
"668",9.51178723000533,7.56433224822711,"tuna"
"669",1.21625142667963,1.67707309832575,"tuna"
"670",0.404527686547362,7.93654023091328,"tuna"
"671",2.11812303545704,7.70536466023335,"tuna"
"672",6.05374966154591,8.86398127962533,"tuna"
"673",4.58447083782679,1.1057843090078,"salmon"
"674",2.54510513977655,2.51896884230425,"tuna"
"675",8.4374714133214,0.782376901561098,"salmon"
"676",0.326383598655687,2.4758958878906,"tuna"
"677",0.372477403129451,6.4793491521791,"tuna"
"678",2.6337642661188,3.26378543878786,"tuna"
"679",5.46183689920012,4.02558830929232,"tuna"
"680",5.72511554097038,0.0533432817074753,"salmon"
"681",9.75978173025941,1.78400682958244,"salmon"
"682",5.22781242568975,7.55936000052534,"tuna"
"683",7.66026745996547,1.79463656579732,"salmon"
"684",4.55242770674099,0.154478542678879,"salmon"
"685",1.13180983724031,9.17269865893935,"tuna"
"686",9.20387451123376,3.50760209568105,"salmon"
"687",5.73492640001457,9.27885166241015,"tuna"
"688",4.091963883198,1.09929459191371,"salmon"
"689",3.40265466971822,4.11382688374597,"tuna"
"690",6.85967676035154,7.67123539694599,"tuna"
"691",1.37744298953229,6.79480768456257,"tuna"
"692",4.84603261588253,8.0962248510607,"salmon"
"693",6.97143804651983,2.19637998626532,"salmon"
"694",7.72928147529167,8.62822022052289,"tuna"
"695",6.4402165341014,1.53964008893582,"salmon"
"696",5.97093676055184,4.95423317062708,"tuna"
"697",2.74136787160026,0.986764109399466,"tuna"
"698",0.530653113441599,6.42084583657665,"tuna"
"699",4.70510766573695,8.1599546901709,"salmon"
"700",0.404482527949032,5.34611748733824,"tuna"
"701",8.76556981176556,9.66032357949005,"tuna"
"702",4.86383049869278,5.73789037817793,"tuna"
"703",0.668224853669896,2.25890399773399,"tuna"
"704",6.1829014687182,5.06695313021398,"salmon"
"705",5.45238049209486,3.42465719071959,"salmon"
"706",9.23850472592606,4.4976348885904,"tuna"
"707",3.78688081968463,7.76932338611106,"salmon"
"708",1.46386163215114,3.80418392959085,"tuna"
"709",2.91176401633073,6.7823632245933,"tuna"
"710",8.03107624691361,0.31108074470911,"salmon"
"711",4.39047571187388,9.05938254509417,"salmon"
"712",0.321077271731874,0.0467230676805508,"tuna"
"713",0.41640573944592,6.1197793456976,"tuna"
"714",4.84520902020333,0.384504337693556,"salmon"
"715",1.04339813275576,2.28141556173057,"tuna"
"716",1.71853690305784,0.444661077082439,"tuna"
"717",6.50983190072717,7.61215328248453,"tuna"
"718",9.83471537434937,5.66647558288759,"tuna"
"719",7.1270566426767,1.8409127867743,"salmon"
"720",7.30894992683499,0.461517195055786,"salmon"
"721",5.809621413171,4.32717112096866,"tuna"
"722",5.53652628006143,6.70712096327614,"tuna"
"723",5.41658420286822,6.16610150287875,"tuna"
"724",0.392658308793568,6.77184859216572,"tuna"
"725",9.20855770962685,1.41622892289976,"salmon"
"726",5.01563349709,9.30967429100074,"tuna"
"727",1.18068750772606,0.786891045351419,"tuna"
"728",7.17837261766409,5.24005115981279,"tuna"
"729",7.48500006973518,2.23204275590718,"salmon"
"730",6.38296848056348,5.3652348657773,"salmon"
"731",7.51272347863451,6.32440568764686,"tuna"
"732",7.55623223874194,5.94025351899067,"tuna"
"733",9.02466088497506,4.73960154437378,"tuna"
"734",7.80631943174659,1.71988398519488,"salmon"
"735",1.89033748118464,4.28314699523996,"tuna"
"736",2.27257095013694,2.60163821665598,"tuna"
"737",7.73304371046736,3.69227573384,"salmon"
"738",9.47529859781847,9.17142432221353,"tuna"
"739",5.983412623473,9.74511039942893,"tuna"
"740",9.79568428786758,1.78795795130704,"salmon"
"741",1.61038236270877,6.55954782503408,"tuna"
"742",1.99483832254738,7.54682476030097,"tuna"
"743",1.92091548722437,7.22004960267936,"tuna"
"744",4.98532079735821,8.92394786370853,"salmon"
"745",3.72738575422827,4.85875510074043,"tuna"
"746",7.41787769578135,6.57458026045479,"tuna"
"747",5.07015126130893,6.41091029552718,"tuna"
"748",9.14666955196537,8.99431521056407,"tuna"
"749",7.92413966312456,0.213008570327938,"salmon"
"750",8.06418809235098,7.67456364117733,"tuna"
"751",5.79248972099617,3.88962113025244,"salmon"
"752",6.69904598131791,1.04866171471115,"salmon"
"753",3.41556880723133,4.26213642143258,"tuna"
"754",8.28718601429364,7.4006546662929,"tuna"
"755",7.89700053352908,7.12499247926533,"tuna"
"756",7.83866603845855,3.40371675139556,"salmon"
"757",5.35254002716456,9.82281009654071,"tuna"
"758",7.21099127688267,6.06252977066311,"tuna"
"759",7.03198993373103,0.777800912701764,"salmon"
"760",8.03358793856706,7.74779326944319,"tuna"
"761",7.6282442718063,3.72369649913565,"salmon"
"762",7.89776634931695,1.2129382319334,"salmon"
"763",2.19779183413227,9.58799360347929,"tuna"
"764",7.75529644919636,1.61534191235798,"salmon"
"765",3.46709073565587,4.20183605200188,"tuna"
"766",4.15346702983452,9.56427378082617,"salmon"
"767",7.4796479204941,0.367258212137764,"salmon"
"768",5.15233676560355,1.91890149760885,"salmon"
"769",8.10124197123486,0.813170401745116,"salmon"
"770",3.80204164868806,6.54642835996849,"tuna"
"771",5.71121294633867,9.5322471735901,"tuna"
"772",9.64518851953258,9.37108599119554,"tuna"
"773",7.2906324915212,9.30188985454952,"tuna"
"774",4.61026999176327,6.34387490688919,"tuna"
"775",4.39544267095711,6.78587123656916,"tuna"
"776",9.89974370752154,6.29789084557999,"tuna"
"777",9.24474543544386,1.1613242104876,"salmon"
"778",6.79882276864402,2.01457203714811,"salmon"
"779",1.74272832490728,3.6525833461619,"tuna"
"780",7.019128757042,6.89655588642467,"tuna"
"781",0.688763814574028,5.96262678265695,"tuna"
"782",9.58714372167763,3.36601577924419,"salmon"
"783",7.4725646860481,3.0983866143862,"salmon"
"784",2.55962112738232,8.9976670928285,"tuna"
"785",9.90750666911372,5.70630238192081,"tuna"
"786",2.66168135773601,8.35778703707658,"tuna"
"787",7.9950992451355,5.91855919253188,"tuna"
"788",7.08648820803377,2.69470089984303,"salmon"
"789",5.2127412436235,6.60403825832553,"tuna"
"790",3.65195639447241,2.08528985697654,"salmon"
"791",6.60993218374692,6.51259872259738,"salmon"
"792",4.84207588588044,1.06542037684571,"salmon"
"793",1.43234917754485,6.68821170420288,"tuna"
"794",4.26882450912239,3.40922245144913,"salmon"
"795",8.68452151724262,3.05026114350383,"salmon"
"796",7.20589473711698,0.50874714881743,"salmon"
"797",9.52342630051324,6.05891558076647,"tuna"
"798",5.75101914124144,2.1530670954222,"salmon"
"799",5.88922177435201,9.04080985241447,"tuna"
"800",4.97491652255679,0.114026847949852,"salmon"
"801",6.24464231829399,3.48380393944623,"salmon"
"802",4.26312055183593,9.11961226612001,"salmon"
"803",3.99536791693306,3.72808072809117,"salmon"
"804",0.252355342377847,4.41171232059566,"tuna"
"805",6.43632065013079,8.43308160349102,"tuna"
"806",3.64234101681979,2.44132870259764,"salmon"
"807",9.08912030780837,2.45515250832405,"salmon"
"808",1.1718647057687,5.3366467410687,"tuna"
"809",2.93369870008557,9.12607225811063,"tuna"
"810",2.00124348575235,9.43760286147998,"tuna"
"811",4.32125018617463,6.18981861712642,"tuna"
"812",5.89275683579573,0.742009163961953,"salmon"
"813",7.66659657497335,9.37074841283919,"tuna"
"814",9.58451715092132,0.159595139590545,"salmon"
"815",8.89610653570544,5.45776387292266,"tuna"
"816",1.00632315170035,3.95490297246158,"tuna"
"817",2.59173663810056,4.15740017643113,"tuna"
"818",5.91337016024363,1.86808004426138,"salmon"
"819",3.08261464685873,7.32647598384385,"salmon"
"820",9.02161895878955,0.538760344122559,"salmon"
"821",8.15362909215652,8.74243045631669,"tuna"
"822",4.86738019741116,9.08502101271879,"salmon"
"823",5.73611585180255,1.91832271310454,"salmon"
"824",0.981722540448416,5.46611968356143,"tuna"
"825",7.93962242547589,8.26863327834025,"tuna"
"826",9.66053431508051,3.49191763066216,"salmon"
"827",2.11252402760604,1.00905127826667,"tuna"
"828",0.414136043842188,0.739444089471687,"tuna"
"829",3.59239020113253,5.29422579383834,"tuna"
"830",1.87294219683294,7.03374129179453,"tuna"
"831",5.33450240927018,9.10316665528906,"tuna"
"832",8.06666959060832,1.54659987664482,"salmon"
"833",1.23688120940168,6.19645397673014,"tuna"
"834",3.08946676060294,9.69785335409446,"salmon"
"835",3.34422048742245,1.94540567837799,"salmon"
"836",0.458105393315519,6.28581700473677,"tuna"
"837",4.94712561050661,1.33096613967069,"salmon"
"838",4.46162732628451,8.5333117844585,"salmon"
"839",4.11025303188519,8.57212899946583,"salmon"
"840",9.1023360715919,0.329303041758824,"salmon"
"841",9.67046757341702,4.7191728400367,"tuna"
"842",4.53419498263213,3.82242957994124,"salmon"
"843",9.45035157383382,2.0683799196774,"salmon"
"844",9.59278574326165,1.58176902747548,"salmon"
"845",9.31960844107222,8.11050437746944,"tuna"
"846",4.31846243462231,7.70540746271794,"salmon"
"847",9.8919549375962,3.42819951597675,"salmon"
"848",4.06793568934298,0.731195197879995,"salmon"
"849",7.61538029271277,9.76649084435145,"tuna"
"850",9.6784770513964,2.6336891716495,"salmon"
"851",5.26791954369123,1.47116048717569,"salmon"
"852",2.13067117627287,6.58185540464585,"tuna"
"853",9.95233317452123,6.61548099660102,"tuna"
"854",8.77435628377282,2.69027418016363,"salmon"
"855",7.30165768624373,2.00153135132696,"salmon"
"856",5.17661394232428,0.997156737083544,"salmon"
"857",4.63508408872496,1.80467916222276,"salmon"
"858",4.04346306566879,2.73406370077254,"salmon"
"859",0.862949039260494,3.89378073027712,"tuna"
"860",0.504056533966849,2.6547437205318,"tuna"
"861",5.56540058751242,4.8975318584277,"tuna"
"862",4.66266935312423,4.27180580047578,"tuna"
"863",7.89915778558827,2.51261361690261,"salmon"
"864",0.168138958775306,9.41867083606343,"tuna"
"865",1.26928371903632,2.33908051936024,"tuna"
"866",8.64700757659446,7.02546745158194,"tuna"
"867",1.9100213461596,8.63657529669384,"tuna"
"868",5.32396998616775,3.97519610609361,"salmon"
"869",6.04859147225228,0.87180753255536,"salmon"
"870",4.58669625017941,8.96069925429474,"salmon"
"871",6.80019549833154,1.50162209240299,"salmon"
"872",3.69259009312569,0.123052378238567,"salmon"
"873",4.14650237650905,0.188028404581043,"salmon"
"874",5.58725007963039,1.77986329628171,"salmon"
"875",9.98174062160693,2.63267556520102,"salmon"
"876",7.67660904154737,2.67449397869446,"salmon"
"877",7.36316809183442,4.46450440501049,"tuna"
"878",9.39522548286346,6.47563079727352,"tuna"
"879",1.98737170311073,1.42600708789239,"tuna"
"880",3.34621466115048,8.29546652517738,"salmon"
"881",0.742376192006607,0.884215451365554,"tuna"
"882",0.189240292602361,5.39457577852788,"tuna"
"883",6.15120823598502,9.62943327694802,"tuna"
"884",1.68584222855936,5.67451437279983,"tuna"
"885",8.29505851604438,2.08058856763364,"salmon"
"886",2.52641728787729,2.17846268347986,"tuna"
"887",9.70320204245332,5.00565231263919,"tuna"
"888",9.59853564145001,2.09442093030648,"salmon"
"889",9.40738276490588,1.03564655293037,"salmon"
"890",9.52093076729501,2.09082536708889,"salmon"
"891",9.33111657797598,8.52844955093219,"tuna"
"892",7.23676784005254,3.90703161119631,"salmon"
"893",6.77500903178256,5.31345297483369,"salmon"
"894",4.1538230569274,8.07849071482651,"salmon"
"895",0.918623319427764,6.41247832268143,"tuna"
"896",6.34618184147641,5.87756051601255,"salmon"
"897",1.82962173014988,5.81948230526302,"tuna"
"898",0.306090199743729,1.31898985515564,"tuna"
"899",2.61904677180999,6.95701446024226,"tuna"
"900",0.467234206497346,4.19492223400933,"tuna"
"901",2.1853357362973,9.97311202442671,"tuna"
"902",4.21253025772148,1.55982637982374,"salmon"
"903",8.17296930773259,6.9839379285154,"tuna"
"904",2.98229036061467,6.19710400529943,"tuna"
"905",0.948851390283894,3.39998278642643,"tuna"
"906",9.07779628806329,1.43511659415709,"salmon"
"907",7.86047878467415,3.73435130457343,"salmon"
"908",8.36197108578232,2.64525566637221,"salmon"
"909",3.49583590711954,5.88108387781784,"tuna"
"910",9.24181871450546,0.277272128925586,"salmon"
"911",2.32054620813344,6.68261953415156,"tuna"
"912",1.39413181131068,6.66779356642475,"tuna"
"913",3.7303416302765,2.88588058165173,"salmon"
"914",7.30715260391249,9.19611326895692,"tuna"
"915",2.61848674661866,6.20267856032369,"tuna"
"916",0.355705473258862,3.91165340857656,"tuna"
"917",5.87238378597787,8.43114969168448,"tuna"
"918",4.25292204049261,3.01498987757026,"salmon"
"919",2.55529885498277,2.97093767806454,"tuna"
"920",8.08314905386407,1.92031627747849,"salmon"
"921",0.082391235552407,0.283410781611886,"tuna"
"922",9.19799317247809,6.03172715626465,"tuna"
"923",5.84332675804767,6.53757443736028,"tuna"
"924",6.15232573663266,1.9326842360528,"salmon"
"925",7.8508344984956,4.66237196771152,"tuna"
"926",3.88421926086185,0.494747546936984,"salmon"
"927",6.8443126251323,2.16780738573404,"salmon"
"928",6.51012241507765,7.25355585489462,"tuna"
"929",5.57547302379424,5.69628650868045,"tuna"
"930",5.83328611624992,1.73654157549274,"salmon"
"931",6.47495061601255,9.45118001633218,"tuna"
"932",1.02121366355994,9.83044283236326,"tuna"
"933",8.51463988712299,6.35742755199539,"tuna"
"934",3.20466322052821,3.32474050969884,"salmon"
"935",0.772110896877231,6.71897730128374,"tuna"
"936",3.16060925205793,0.81237273010997,"salmon"
"937",8.63563116752694,0.765737174987946,"salmon"
"938",2.58456880845253,1.71385105242558,"tuna"
"939",6.80411714672421,4.09019854627855,"salmon"
"940",0.558957204823085,1.30345661770653,"tuna"
"941",6.5790023157247,9.80631386714218,"tuna"
"942",9.68392140412208,5.82420644051535,"tuna"
"943",0.321396998459692,1.19736640450598,"tuna"
"944",2.20527771556375,0.32205413795796,"tuna"
"945",3.57225264819427,6.25480061247554,"tuna"
"946",7.00311866473472,9.6299901135959,"tuna"
"947",3.73040267418898,4.46058838281502,"tuna"
"948",2.82349083841481,3.04835280782763,"tuna"
"949",7.50035124191298,3.18821703368657,"salmon"
"950",7.24473465547768,9.02291724563515,"tuna"
"951",1.66010209318802,7.11542524824341,"tuna"
"952",5.33709255486677,8.69762070094639,"tuna"
"953",6.18022788404069,3.42370107313917,"salmon"
"954",4.45672877750447,7.52211544212643,"salmon"
"955",6.54682978335888,4.25019229990696,"salmon"
"956",8.32912519471253,0.508391156339718,"salmon"
"957",2.62970873494984,9.93396973294271,"tuna"
"958",7.40273579878421,0.507445437131266,"salmon"
"959",3.72929221425639,8.02855506054535,"salmon"
"960",2.94188414211342,8.69046684262346,"tuna"
"961",4.30207617692206,2.66247615803055,"salmon"
"962",4.95440732300453,9.48885043085203,"salmon"
"963",6.28541813401768,4.3341851771043,"salmon"
"964",5.32512827108951,6.03861425820472,"tuna"
"965",4.43619028534142,1.40789993066359,"salmon"
"966",5.63357924659549,8.39723211634883,"tuna"
"967",3.60938643517879,4.0651283093223,"tuna"
"968",5.41230389846261,5.06719399601079,"tuna"
"969",7.5771854991915,4.63739863643544,"tuna"
"970",1.86540465648656,4.40432634313252,"tuna"
"971",9.15893336278219,3.48309707529163,"salmon"
"972",1.84253360099842,1.21543895951468,"tuna"
"973",1.23766405895465,6.69154790646993,"tuna"
"974",6.3081176224665,7.77454834422571,"tuna"
"975",4.08606425443292,9.44554595369572,"salmon"
"976",2.41082668264911,8.75507706797304,"tuna"
"977",2.12860724546713,1.76168696623324,"tuna"
"978",1.34692632851292,8.38917955110854,"tuna"
"979",6.21385156717572,3.21829767143708,"salmon"
"980",0.0115850736414436,9.06953823608587,"tuna"
"981",8.75263205485868,1.2610651989867,"salmon"
"982",1.66174463717628,1.74969188620498,"tuna"
"983",0.757678425980675,4.64947230116254,"tuna"
"984",1.25890466973638,7.00120676560806,"tuna"
"985",5.64694948028855,1.15051786170008,"salmon"
"986",7.04806696909574,4.086777020246,"tuna"
"987",2.69585284527264,5.81944593376423,"tuna"
"988",2.14867464457531,5.40447194900765,"tuna"
"989",5.1936894825866,2.16373800370199,"salmon"
"990",5.81898311215726,5.55050529936944,"tuna"
"991",0.0987859556194748,3.99036911231296,"tuna"
"992",4.42237136872506,3.56131330447841,"salmon"
"993",9.67125244426312,7.23397668369808,"tuna"
"994",9.37913147444715,1.66136331656165,"salmon"
"995",1.92919453611036,6.82906889274522,"tuna"
"996",3.71018594129607,0.956611787311542,"salmon"
"997",3.7495955575927,9.55744950219877,"salmon"
"998",2.41008749688146,3.35578089660958,"tuna"
"999",0.990773000334443,3.81221027994378,"tuna"
"1000",7.51977792195951,5.39281727508981,"tuna"
